{
  "n_layers": 3,
  "lstm_units": 128,
  "dropout": 0.11676768960928814,
  "learning_rate": 0.0006367303625389926
}