{
  "n_layers": 1,
  "gru_units": 64,
  "dropout": 0.41826474356647814,
  "learning_rate": 0.0032883144024767343
}