{
  "n_layers": 1,
  "gru_units": 64,
  "dropout": 0.33983653308622597,
  "learning_rate": 0.005454190867147287
}