{
  "n_layers": 2,
  "gru_units": 32,
  "dropout": 0.10456916707628201,
  "learning_rate": 0.00700918650804148
}