{
  "n_layers": 1,
  "gru_units": 96,
  "dropout": 0.32425686889206384,
  "learning_rate": 0.0008839507936572133
}