{
  "n_layers": 2,
  "gru_units": 64,
  "dropout": 0.1891793599859188,
  "learning_rate": 0.0035321183644963835
}