{
  "n_layers": 2,
  "gru_units": 96,
  "dropout": 0.3033798662328221,
  "learning_rate": 0.0033294412456841564
}