{
  "n_layers": 1,
  "lstm_units": 64,
  "dropout": 0.35918231885672813,
  "learning_rate": 0.007607806788266244
}