{
  "d_model": 64,
  "n_heads": 4,
  "n_layers": 3,
  "dropout": 0.2010480870263227,
  "learning_rate": 0.0011917078382016842
}