{
  "n_filters": 96,
  "kernel_size": 3,
  "n_layers": 5,
  "dropout": 0.17586393081897517,
  "learning_rate": 0.0033288821525090545
}