{
  "d_model": 256,
  "n_heads": 8,
  "n_layers": 4,
  "dropout": 0.13449936552022107,
  "learning_rate": 0.00022630830392497277
}