{
  "d_model": 256,
  "n_heads": 8,
  "n_layers": 4,
  "dropout": 0.21174937791709086,
  "learning_rate": 0.00041698880734794384
}