{
  "n_layers": 3,
  "gru_units": 64,
  "dropout": 0.10685624748380414,
  "learning_rate": 0.0032892897673307206
}