{
  "d_model": 256,
  "n_heads": 8,
  "n_layers": 2,
  "dropout": 0.28200163916845766,
  "learning_rate": 0.0007216942814416686
}