{
  "n_layers": 1,
  "gru_units": 128,
  "dropout": 0.4089039157795642,
  "learning_rate": 0.0020258316841967688
}