{
  "n_layers": 3,
  "lstm_units": 128,
  "dropout": 0.4714036347338256,
  "learning_rate": 0.002411042988188285
}