{
  "n_layers": 3,
  "lstm_units": 64,
  "dropout": 0.27826631349229236,
  "learning_rate": 0.0025788087631459147
}