{
  "n_filters": 32,
  "kernel_size": 5,
  "n_layers": 5,
  "dropout": 0.11343094460351023,
  "learning_rate": 0.0008541031833196395
}