{
  "d_model": 128,
  "n_heads": 8,
  "n_layers": 3,
  "dropout": 0.23289933267356022,
  "learning_rate": 0.0004531206870082064
}