{
  "n_layers": 2,
  "gru_units": 128,
  "dropout": 0.33669137732267695,
  "learning_rate": 0.0017931642410776482
}