{
  "d_model": 128,
  "n_heads": 8,
  "n_layers": 2,
  "dropout": 0.12894919063773444,
  "learning_rate": 0.002511330728622662
}