{
  "d_model": 256,
  "n_heads": 4,
  "n_layers": 3,
  "dropout": 0.15806587454879018,
  "learning_rate": 0.0014562087626093208
}