{
  "d_model": 256,
  "n_heads": 8,
  "n_layers": 2,
  "dropout": 0.16002742350525628,
  "learning_rate": 0.0004997660453692827
}