{
  "n_layers": 1,
  "lstm_units": 128,
  "dropout": 0.20776959341180945,
  "learning_rate": 0.001740327594074806
}