{
  "n_layers": 2,
  "lstm_units": 128,
  "dropout": 0.15081431642366294,
  "learning_rate": 0.009944780991338643
}