{
  "n_filters": 64,
  "kernel_size": 7,
  "n_layers": 3,
  "dropout": 0.2859704135901995,
  "learning_rate": 0.003978847552747916
}