{
  "d_model": 64,
  "n_heads": 4,
  "n_layers": 2,
  "dropout": 0.165958926081462,
  "learning_rate": 0.0002409584914638725
}