{
  "n_layers": 2,
  "lstm_units": 96,
  "dropout": 0.45194348523774186,
  "learning_rate": 0.0004517947748340758
}