{
  "d_model": 256,
  "n_heads": 8,
  "n_layers": 2,
  "dropout": 0.25882135367916526,
  "learning_rate": 0.00012400144554676994
}