{
  "n_filters": 96,
  "kernel_size": 7,
  "n_layers": 3,
  "dropout": 0.25971638282570897,
  "learning_rate": 0.0007950560087205616
}