{
  "n_layers": 2,
  "gru_units": 64,
  "dropout": 0.3100461676504853,
  "learning_rate": 0.007606626144956265
}